{
    "Carros":[
    
      {
        "Placa": [
            "RMT679"
        ],
        "NumeroSerie": "XR4VZBR6F3LNXXJK",
        "Modelo": "Chevrolet Onix",
        "Marca": "CHEVROLET",
        "Kilometraje": 27100,
        "Tipo": "Hatchback"
      },
      {
        "Placa": "GBB747",
        "NumeroSerie": "QJ3LMKEQNA7Y2CKV",
        "Modelo": "Suzuki Swift",
        "Marca": "SUZUKI",
        "Kilometraje": 30001,
        "Tipo": [
            "Crossover"
        ]
      },
      {
        "Placa": "CCG361",
        "NumeroSerie": "D66Q2995U93Y8JCM",
        "Modelo": "Kia Picanto",
        "Marca": "KIA",
        "Kilometraje": [
            54001
        ],
        "Tipo": "Convertible"
      },
      {
        "Placa": "MJO765",
        "NumeroSerie": [
            "BMH2WYEDMWQPGE5J"
        ],
        "Modelo": "Renault Duster",
        "Marca": "RENAULT",
        "Kilometraje": 45001,
        "Tipo": "Sedan"
      },
      {
        "Placa": "BIS532",
        "NumeroSerie": "AHMVLCPX7ULV8S97",
        "Modelo": [
            "Renault Logan"
        ],
        "Marca": "RENAULT",
        "Kilometraje": 15001,
        "Tipo": "SUV"
      }
      
    ]
}