<?xml version="1.0" encoding="UTF-8"?>
<project-private xmlns="http://www.netbeans.org/ns/project-private/1">
    <editor-bookmarks xmlns="http://www.netbeans.org/ns/editor-bookmarks/2" lastBookmarkId="0"/>
    <open-files xmlns="http://www.netbeans.org/ns/projectui-open-files/2">
        <group>
            <file>file:/C:/Users/valen/OneDrive/Documents/NetBeansProjects/PaginaWebYumLogin1/web/index.html</file>
            <file>file:/C:/Users/valen/OneDrive/Documents/NetBeansProjects/PaginaWebYumLogin1/web/css/login.css</file>
            <file>file:/C:/Users/valen/OneDrive/Documents/NetBeansProjects/PaginaWebYumLogin1/web/Login.jsp</file>
            <file>file:/C:/Users/valen/OneDrive/Documents/NetBeansProjects/PaginaWebYumLogin1/web/css/inicio.css</file>
            <file>file:/C:/Users/valen/OneDrive/Documents/NetBeansProjects/PaginaWebYumLogin1/web/css/paginaInicio.css</file>
            <file>file:/C:/Users/valen/OneDrive/Documents/NetBeansProjects/PaginaWebYumLogin1/src/java/Servlets/InicioSesion.java</file>
            <file>file:/C:/Users/valen/OneDrive/Documents/NetBeansProjects/PaginaWebYumLogin1/src/java/SQL/ConexionBD.java</file>
            <file>file:/C:/Users/valen/OneDrive/Documents/NetBeansProjects/PaginaWebYumLogin1/src/java/Servlets/Guardar.java</file>
            <file>file:/C:/Users/valen/OneDrive/Documents/NetBeansProjects/PaginaWebYumLogin1/web/css/registro.css</file>
            <file>file:/C:/Users/valen/OneDrive/Documents/NetBeansProjects/PaginaWebYumLogin1/web/SignUp.jsp</file>
            <file>file:/C:/Users/valen/OneDrive/Documents/NetBeansProjects/PaginaWebYumLogin1/web/paginaInicio.jsp</file>
            <file>file:/C:/Users/valen/OneDrive/Documents/NetBeansProjects/PaginaWebYumLogin1/web/js/inicio.js</file>
            <file>file:/C:/Users/valen/OneDrive/Documents/NetBeansProjects/PaginaWebYumLogin1/src/java/SQL/MetodosSQL.java</file>
        </group>
    </open-files>
</project-private>
